f_unigram_jaccard,f_unigram_all_jaccard,f_unigram_all_jaccard_max,f_bigram_jaccard,f_bigram_all_jaccard,f_bigram_all_jaccard_max,f_trigram_jaccard,f_trigram_all_jaccard,f_trigram_all_jaccard_max,f_trigram_tfidf_cosine,f_trigram_tfidf_l2_euclidean,f_trigram_tfidf_l1_euclidean,f_trigram_tf_l2_euclidean,f_q1_q2_tf_svd0
1.0,0.4634146341463415,0.8636363636363636,0.8863636363636364,0.45454545454545453,0.8333333333333334,0.8727272727272727,0.453781512605042,0.8307692307692308,0.08276099487479238,0.4068439378306939,0.060829654521664056,0.3746884336202054,1.0195546780368627
0.7037037037037037,0.35251798561151076,0.5444444444444444,0.5,0.30656934306569344,0.4421052631578947,0.358695652173913,0.26666666666666666,0.36363636363636365,0.45506081515134555,0.9540029508878319,0.13254031836025051,0.8714770525192471,1.0042698579421971
